"","lizard_id","position","species","sex","trt","clutch","age.start","date_end_training","date_first_trial","days_since_training","group","trial_associative","position_feeder_associative","FC_associative","notes_associative","reinforcement","trial_reversal","position_feeder_reversal","FC_reversal","reinfor_reversal","notes_reversal","first_non_na","Associative_Trial"
"1",1424,"F3","delicata","Female","Control Cold","CL383_22",97,"31/3/2023","13/4/2023",13,"Blue",1,"C",0,"",1,1,"R",0,1,"",1,1
"2",1531,"D2","delicata","Male","Control Cold","CL414_22",85,"27/3/2023","13/4/2023",17,"Blue",1,"R",0,"",0,1,"R",0,1,"",1,1
"3",1424,"F3","delicata","Female","Control Cold","CL383_22",97,"31/3/2023","13/4/2023",13,"Blue",2,"L",NA,"",1,2,"C",1,1,"",1,2
"4",1531,"D2","delicata","Male","Control Cold","CL414_22",85,"27/3/2023","13/4/2023",17,"Blue",2,"R",0,"",1,2,"C",1,1,"",1,2
"5",1424,"F3","delicata","Female","Control Cold","CL383_22",97,"31/3/2023","13/4/2023",13,"Blue",3,"R",1,"",1,3,"C",1,1,"",1,3
"6",1531,"D2","delicata","Male","Control Cold","CL414_22",85,"27/3/2023","13/4/2023",17,"Blue",3,"R",0,"",1,3,"C",0,1,"",1,3
"7",1424,"F3","delicata","Female","Control Cold","CL383_22",97,"31/3/2023","13/4/2023",13,"Blue",4,"L",1,"",1,4,"L",0,1,"",1,4
"8",1531,"D2","delicata","Male","Control Cold","CL414_22",85,"27/3/2023","13/4/2023",17,"Blue",4,"R",NA,"More than one cricket eaten",1,4,"R",1,1,"",1,4
"9",1424,"F3","delicata","Female","Control Cold","CL383_22",97,"31/3/2023","13/4/2023",13,"Blue",5,"L",1,"",1,5,"R",0,1,"",1,5
"10",1531,"D2","delicata","Male","Control Cold","CL414_22",85,"27/3/2023","13/4/2023",17,"Blue",5,"L",1,"",1,5,"C",0,1,"",1,5
"11",1223,"G4","delicata","Female","Control Cold","CL325_22",115,"28/3/2023","13/4/2023",16,"Blue",6,"L",1,"",1,6,"C",0,1,"",6,1
"12",1424,"F3","delicata","Female","Control Cold","CL383_22",97,"31/3/2023","13/4/2023",13,"Blue",6,"R",1,"",1,6,"L",1,1,"",1,6
"13",1531,"D2","delicata","Male","Control Cold","CL414_22",85,"27/3/2023","13/4/2023",17,"Blue",6,"R",1,"Shelter left",1,6,"R",0,1,"",1,6
"14",1223,"G4","delicata","Female","Control Cold","CL325_22",115,"28/3/2023","13/4/2023",16,"Blue",7,"L",NA,"First day with lids; 2 crickets given after test",0,7,"C",0,1,"",6,2
"15",1424,"F3","delicata","Female","Control Cold","CL383_22",97,"31/3/2023","13/4/2023",13,"Blue",7,"R",1,"First day with lids; 2 crickets given after test",1,7,"C",0,1,"",1,7
"16",1531,"D2","delicata","Male","Control Cold","CL414_22",85,"27/3/2023","13/4/2023",17,"Blue",7,"L",0,"First day with lids; 2 crickets given after test",0,7,"R",0,1,"",1,7
"17",1223,"G4","delicata","Female","Control Cold","CL325_22",115,"28/3/2023","13/4/2023",16,"Blue",8,"L",1,"Feeders sanded; 1 cricket given after test",1,8,"R",0,1,"",6,3
"18",1239,"E4","delicata","Female","Control Cold","CL329_22",113,"30/3/2023","13/4/2023",14,"Blue",8,"R",1,"Feeders sanded; 1 cricket given after test",1,8,"C",0,1,"",8,1
"19",1255,"A1","delicata","Male","Control Cold","CL334_22",111,"31/3/2023","13/4/2023",13,"Blue",8,"R",1,"Feeders sanded; 1 cricket given after test",1,8,"R",0,1,"",8,1
"20",1424,"F3","delicata","Female","Control Cold","CL383_22",97,"31/3/2023","13/4/2023",13,"Blue",8,"R",1,"Feeders sanded; 1 cricket given after test",1,8,"L",0,1,"",1,8
"21",1531,"D2","delicata","Male","Control Cold","CL414_22",85,"27/3/2023","13/4/2023",17,"Blue",8,"R",1,"Feeders sanded; 1 cricket given after test",1,8,"C",0,1,"",1,8
"22",1223,"G4","delicata","Female","Control Cold","CL325_22",115,"28/3/2023","13/4/2023",16,"Blue",9,"C",1,"1 cricket given after the test",1,9,"C",0,1,"",6,4
"23",1239,"E4","delicata","Female","Control Cold","CL329_22",113,"30/3/2023","13/4/2023",14,"Blue",9,"C",1,"1 cricket given after the test",1,9,"L",1,1,"",8,2
"24",1255,"A1","delicata","Male","Control Cold","CL334_22",111,"31/3/2023","13/4/2023",13,"Blue",9,"C",1,"1 cricket given after the test",1,9,"C",1,1,"",8,2
"25",1424,"F3","delicata","Female","Control Cold","CL383_22",97,"31/3/2023","13/4/2023",13,"Blue",9,"L",1,"1 cricket given after the test",1,9,"C",1,1,"",1,9
"26",1531,"D2","delicata","Male","Control Cold","CL414_22",85,"27/3/2023","13/4/2023",17,"Blue",9,"R",0,"1 cricket given after the test",1,9,"C",0,1,"",1,9
"27",1223,"G4","delicata","Female","Control Cold","CL325_22",115,"28/3/2023","13/4/2023",16,"Blue",10,"L",1,"2 crickets given after test",1,10,"L",1,1,"",6,5
"28",1239,"E4","delicata","Female","Control Cold","CL329_22",113,"30/3/2023","13/4/2023",14,"Blue",10,"C",1,"2 crickets given after test",1,10,"C",1,1,"",8,3
"29",1255,"A1","delicata","Male","Control Cold","CL334_22",111,"31/3/2023","13/4/2023",13,"Blue",10,"L",0,"2 crickets given after test",1,10,"R",0,1,"",8,3
"30",1424,"F3","delicata","Female","Control Cold","CL383_22",97,"31/3/2023","13/4/2023",13,"Blue",10,"R",1,"2 crickets given after test",1,10,"R",0,1,"",1,10
"31",1487,"F1","delicata","Male","Control Cold","CL402_22",85,"20/3/2023","13/4/2023",24,"Blue",10,"L",1,"2 crickets given after test",1,10,"R",0,1,"",10,1
"32",1531,"D2","delicata","Male","Control Cold","CL414_22",85,"27/3/2023","13/4/2023",17,"Blue",10,"R",0,"2 crickets given after test",1,10,"C",0,1,"",1,10
"33",1223,"G4","delicata","Female","Control Cold","CL325_22",115,"28/3/2023","13/4/2023",16,"Blue",11,"C",1,"",1,11,"R",0,1,"",6,6
"34",1239,"E4","delicata","Female","Control Cold","CL329_22",113,"30/3/2023","13/4/2023",14,"Blue",11,"C",1,"",1,11,"C",0,1,"",8,4
"35",1255,"A1","delicata","Male","Control Cold","CL334_22",111,"31/3/2023","13/4/2023",13,"Blue",11,"L",0,"",1,11,"C",1,1,"",8,4
"36",1424,"F3","delicata","Female","Control Cold","CL383_22",97,"31/3/2023","13/4/2023",13,"Blue",11,"L",0,"",1,11,"C",1,1,"",1,11
"37",1487,"F1","delicata","Male","Control Cold","CL402_22",85,"20/3/2023","13/4/2023",24,"Blue",11,"L",1,"",1,11,"C",0,1,"",10,2
"38",1531,"D2","delicata","Male","Control Cold","CL414_22",85,"27/3/2023","13/4/2023",17,"Blue",11,"C",1,"",1,11,"L",0,1,"",1,11
"39",1223,"G4","delicata","Female","Control Cold","CL325_22",115,"28/3/2023","13/4/2023",16,"Blue",12,"R",0,"",1,12,"C",1,1,"",6,7
"40",1239,"E4","delicata","Female","Control Cold","CL329_22",113,"30/3/2023","13/4/2023",14,"Blue",12,"R",0,"",1,12,"R",0,1,"",8,5
"41",1255,"A1","delicata","Male","Control Cold","CL334_22",111,"31/3/2023","13/4/2023",13,"Blue",12,"L",0,"",1,12,"R",0,1,"",8,5
"42",1424,"F3","delicata","Female","Control Cold","CL383_22",97,"31/3/2023","13/4/2023",13,"Blue",12,"L",0,"",1,12,"R",0,1,"",1,12
"43",1487,"F1","delicata","Male","Control Cold","CL402_22",85,"20/3/2023","13/4/2023",24,"Blue",12,"L",1,"",1,12,"R",0,1,"",10,3
"44",1531,"D2","delicata","Male","Control Cold","CL414_22",85,"27/3/2023","13/4/2023",17,"Blue",12,"C",1,"",1,12,"R",0,1,"",1,12
"45",1223,"G4","delicata","Female","Control Cold","CL325_22",115,"28/3/2023","13/4/2023",16,"Blue",13,"C",1,"",1,13,"R",0,1,"",6,8
"46",1239,"E4","delicata","Female","Control Cold","CL329_22",113,"30/3/2023","13/4/2023",14,"Blue",13,"L",1,"",1,13,"L",1,1,"",8,6
"47",1255,"A1","delicata","Male","Control Cold","CL334_22",111,"31/3/2023","13/4/2023",13,"Blue",13,"C",1,"",1,13,"L",0,1,"",8,6
"48",1424,"F3","delicata","Female","Control Cold","CL383_22",97,"31/3/2023","13/4/2023",13,"Blue",13,"R",0,"",1,13,"C",1,1,"",1,13
"49",1487,"F1","delicata","Male","Control Cold","CL402_22",85,"20/3/2023","13/4/2023",24,"Blue",13,"L",1,"",1,13,"R",0,1,"",10,4
"50",1531,"D2","delicata","Male","Control Cold","CL414_22",85,"27/3/2023","13/4/2023",17,"Blue",13,"C",1,"Shelter left for 6 min after beginning",1,13,"R",0,1,"",1,13
"51",1223,"G4","delicata","Female","Control Cold","CL325_22",115,"28/3/2023","13/4/2023",16,"Blue",14,"L",1,"1 cricket given after the test",1,14,"L",1,1,"",6,9
"52",1239,"E4","delicata","Female","Control Cold","CL329_22",113,"30/3/2023","13/4/2023",14,"Blue",14,"L",1,"1 cricket given after the test",1,14,"C",0,1,"",8,7
"53",1255,"A1","delicata","Male","Control Cold","CL334_22",111,"31/3/2023","13/4/2023",13,"Blue",14,"C",1,"1 cricket given after the test",1,14,"C",1,1,"",8,7
"54",1424,"F3","delicata","Female","Control Cold","CL383_22",97,"31/3/2023","13/4/2023",13,"Blue",14,"L",1,"1 cricket given after the test",1,14,"L",1,1,"",1,14
"55",1487,"F1","delicata","Male","Control Cold","CL402_22",85,"20/3/2023","13/4/2023",24,"Blue",14,"C",1,"1 cricket given after the test",1,14,"C",0,1,"",10,5
"56",1531,"D2","delicata","Male","Control Cold","CL414_22",85,"27/3/2023","13/4/2023",17,"Blue",14,"R",1,"1 cricket given after the test",1,14,"R",0,1,"",1,14
"57",1223,"G4","delicata","Female","Control Cold","CL325_22",115,"28/3/2023","13/4/2023",16,"Blue",15,"C",0,"",1,15,"L",1,1,"",6,10
"58",1239,"E4","delicata","Female","Control Cold","CL329_22",113,"30/3/2023","13/4/2023",14,"Blue",15,"C",1,"",1,15,"R",0,1,"",8,8
"59",1255,"A1","delicata","Male","Control Cold","CL334_22",111,"31/3/2023","13/4/2023",13,"Blue",15,"R",1,"",1,15,"R",0,1,"",8,8
"60",1424,"F3","delicata","Female","Control Cold","CL383_22",97,"31/3/2023","13/4/2023",13,"Blue",15,"L",1,"",1,15,"C",1,1,"",1,15
"61",1487,"F1","delicata","Male","Control Cold","CL402_22",85,"20/3/2023","13/4/2023",24,"Blue",15,"L",1,"",1,15,"R",0,1,"",10,6
"62",1531,"D2","delicata","Male","Control Cold","CL414_22",85,"27/3/2023","13/4/2023",17,"Blue",15,"R",1,"",1,15,"R",1,1,"",1,15
"63",1223,"G4","delicata","Female","Control Cold","CL325_22",115,"28/3/2023","13/4/2023",16,"Blue",16,"R",1,"",1,16,"R",1,1,"",6,11
"64",1239,"E4","delicata","Female","Control Cold","CL329_22",113,"30/3/2023","13/4/2023",14,"Blue",16,"L",1,"",1,16,"R",0,1,"",8,9
"65",1255,"A1","delicata","Male","Control Cold","CL334_22",111,"31/3/2023","13/4/2023",13,"Blue",16,"R",1,"",1,16,"C",1,1,"",8,9
"66",1424,"F3","delicata","Female","Control Cold","CL383_22",97,"31/3/2023","13/4/2023",13,"Blue",16,"L",0,"",1,16,"R",0,1,"",1,16
"67",1487,"F1","delicata","Male","Control Cold","CL402_22",85,"20/3/2023","13/4/2023",24,"Blue",16,"L",1,"",1,16,"C",1,1,"",10,7
"68",1531,"D2","delicata","Male","Control Cold","CL414_22",85,"27/3/2023","13/4/2023",17,"Blue",16,"R",0,"",1,16,"L",0,1,"",1,16
"69",1223,"G4","delicata","Female","Control Cold","CL325_22",115,"28/3/2023","13/4/2023",16,"Blue",17,"R",0,"",1,17,"L",1,1,"",6,12
"70",1239,"E4","delicata","Female","Control Cold","CL329_22",113,"30/3/2023","13/4/2023",14,"Blue",17,"C",1,"",1,17,"C",1,1,"",8,10
"71",1255,"A1","delicata","Male","Control Cold","CL334_22",111,"31/3/2023","13/4/2023",13,"Blue",17,"R",1,"",1,17,"C",1,1,"",8,10
"72",1424,"F3","delicata","Female","Control Cold","CL383_22",97,"31/3/2023","13/4/2023",13,"Blue",17,"L",1,"",1,17,"R",0,1,"",1,17
"73",1487,"F1","delicata","Male","Control Cold","CL402_22",85,"20/3/2023","13/4/2023",24,"Blue",17,"L",1,"",1,17,"L",1,1,"",10,8
"74",1531,"D2","delicata","Male","Control Cold","CL414_22",85,"27/3/2023","13/4/2023",17,"Blue",17,"C",1,"",1,17,"C",0,1,"",1,17
"75",1223,"G4","delicata","Female","Control Cold","CL325_22",115,"28/3/2023","13/4/2023",16,"Blue",18,"L",1,"1 cricket given after the test",1,18,"L",0,1,"",6,13
"76",1239,"E4","delicata","Female","Control Cold","CL329_22",113,"30/3/2023","13/4/2023",14,"Blue",18,"L",1,"1 cricket given after the test",1,18,"C",1,1,"",8,11
"77",1255,"A1","delicata","Male","Control Cold","CL334_22",111,"31/3/2023","13/4/2023",13,"Blue",18,"L",0,"1 cricket given after the test",1,18,"C",1,1,"",8,11
"78",1424,"F3","delicata","Female","Control Cold","CL383_22",97,"31/3/2023","13/4/2023",13,"Blue",18,"R",0,"1 cricket given after the test",1,18,"L",0,1,"",1,18
"79",1487,"F1","delicata","Male","Control Cold","CL402_22",85,"20/3/2023","13/4/2023",24,"Blue",18,"R",1,"1 cricket given after the test",1,18,"C",0,1,"",10,9
"80",1531,"D2","delicata","Male","Control Cold","CL414_22",85,"27/3/2023","13/4/2023",17,"Blue",18,"C",0,"1 cricket given after the test",1,18,"L",1,1,"",1,18
"81",1223,"G4","delicata","Female","Control Cold","CL325_22",115,"28/3/2023","13/4/2023",16,"Blue",19,"C",1,"2 crickets given after the test",1,19,"C",1,1,"",6,14
"82",1239,"E4","delicata","Female","Control Cold","CL329_22",113,"30/3/2023","13/4/2023",14,"Blue",19,"L",0,"2 crickets given after the test",1,19,"C",0,1,"",8,12
"83",1255,"A1","delicata","Male","Control Cold","CL334_22",111,"31/3/2023","13/4/2023",13,"Blue",19,"R",1,"2 crickets given after the test",1,19,"C",1,1,"",8,12
"84",1424,"F3","delicata","Female","Control Cold","CL383_22",97,"31/3/2023","13/4/2023",13,"Blue",19,"R",1,"2 crickets given after the test",1,19,"R",0,1,"",1,19
"85",1487,"F1","delicata","Male","Control Cold","CL402_22",85,"20/3/2023","13/4/2023",24,"Blue",19,"C",0,"2 crickets given after the test",1,19,"R",1,1,"",10,10
"86",1531,"D2","delicata","Male","Control Cold","CL414_22",85,"27/3/2023","13/4/2023",17,"Blue",19,"C",1,"2 crickets given after the test",1,19,"L",0,1,"",1,19
"87",1223,"G4","delicata","Female","Control Cold","CL325_22",115,"28/3/2023","13/4/2023",16,"Blue",20,"R",0,"",1,20,"L",1,1,"",6,15
"88",1239,"E4","delicata","Female","Control Cold","CL329_22",113,"30/3/2023","13/4/2023",14,"Blue",20,"R",1,"",1,20,"C",1,1,"",8,13
"89",1255,"A1","delicata","Male","Control Cold","CL334_22",111,"31/3/2023","13/4/2023",13,"Blue",20,"R",1,"",1,20,"R",1,1,"",8,13
"90",1424,"F3","delicata","Female","Control Cold","CL383_22",97,"31/3/2023","13/4/2023",13,"Blue",20,"R",1,"",1,20,"C",1,1,"",1,20
"91",1487,"F1","delicata","Male","Control Cold","CL402_22",85,"20/3/2023","13/4/2023",24,"Blue",20,"R",1,"",1,20,"R",1,1,"",10,11
"92",1531,"D2","delicata","Male","Control Cold","CL414_22",85,"27/3/2023","13/4/2023",17,"Blue",20,"L",1,"",1,20,"C",0,1,"",1,20
"93",1223,"G4","delicata","Female","Control Cold","CL325_22",115,"28/3/2023","13/4/2023",16,"Blue",21,"L",0,"",1,21,"L",1,1,"",6,16
"94",1239,"E4","delicata","Female","Control Cold","CL329_22",113,"30/3/2023","13/4/2023",14,"Blue",21,"R",0,"",1,21,"L",1,1,"",8,14
"95",1255,"A1","delicata","Male","Control Cold","CL334_22",111,"31/3/2023","13/4/2023",13,"Blue",21,"C",1,"",1,21,"L",0,1,"",8,14
"96",1424,"F3","delicata","Female","Control Cold","CL383_22",97,"31/3/2023","13/4/2023",13,"Blue",21,"L",1,"",1,21,"L",0,1,"",1,21
"97",1487,"F1","delicata","Male","Control Cold","CL402_22",85,"20/3/2023","13/4/2023",24,"Blue",21,"L",1,"",1,21,"C",1,1,"",10,12
"98",1531,"D2","delicata","Male","Control Cold","CL414_22",85,"27/3/2023","13/4/2023",17,"Blue",21,"L",1,"",1,21,"L",0,1,"",1,21
"99",1223,"G4","delicata","Female","Control Cold","CL325_22",115,"28/3/2023","13/4/2023",16,"Blue",22,"L",1,"",1,22,"C",0,1,"",6,17
"100",1239,"E4","delicata","Female","Control Cold","CL329_22",113,"30/3/2023","13/4/2023",14,"Blue",22,"L",1,"",1,22,"C",1,1,"",8,15
"101",1255,"A1","delicata","Male","Control Cold","CL334_22",111,"31/3/2023","13/4/2023",13,"Blue",22,"L",0,"",1,22,"L",1,1,"",8,15
"102",1424,"F3","delicata","Female","Control Cold","CL383_22",97,"31/3/2023","13/4/2023",13,"Blue",22,"C",1,"",1,22,"R",0,1,"",1,22
"103",1487,"F1","delicata","Male","Control Cold","CL402_22",85,"20/3/2023","13/4/2023",24,"Blue",22,"R",1,"",1,22,"R",1,1,"",10,13
"104",1531,"D2","delicata","Male","Control Cold","CL414_22",85,"27/3/2023","13/4/2023",17,"Blue",22,"C",1,"",1,22,"C",0,1,"",1,22
"105",1223,"G4","delicata","Female","Control Cold","CL325_22",115,"28/3/2023","13/4/2023",16,"Blue",23,"L",1,"",1,23,"L",1,1,"",6,18
"106",1239,"E4","delicata","Female","Control Cold","CL329_22",113,"30/3/2023","13/4/2023",14,"Blue",23,"C",1,"",1,23,"R",1,1,"",8,16
"107",1255,"A1","delicata","Male","Control Cold","CL334_22",111,"31/3/2023","13/4/2023",13,"Blue",23,"C",1,"",1,23,"L",1,1,"",8,16
"108",1424,"F3","delicata","Female","Control Cold","CL383_22",97,"31/3/2023","13/4/2023",13,"Blue",23,"C",1,"",1,23,"L",0,1,"",1,23
"109",1487,"F1","delicata","Male","Control Cold","CL402_22",85,"20/3/2023","13/4/2023",24,"Blue",23,"L",1,"",1,23,"L",0,1,"",10,14
"110",1531,"D2","delicata","Male","Control Cold","CL414_22",85,"27/3/2023","13/4/2023",17,"Blue",23,"R",0,"",1,23,"L",1,1,"",1,23
"111",1223,"G4","delicata","Female","Control Cold","CL325_22",115,"28/3/2023","13/4/2023",16,"Blue",24,"L",1,"",1,24,"L",1,1,"",6,19
"112",1239,"E4","delicata","Female","Control Cold","CL329_22",113,"30/3/2023","13/4/2023",14,"Blue",24,"R",0,"",1,24,"C",1,1,"",8,17
"113",1255,"A1","delicata","Male","Control Cold","CL334_22",111,"31/3/2023","13/4/2023",13,"Blue",24,"C",1,"",1,24,"L",1,1,"Frozen crickets",8,17
"114",1424,"F3","delicata","Female","Control Cold","CL383_22",97,"31/3/2023","13/4/2023",13,"Blue",24,"R",1,"",1,24,"R",0,1,"",1,24
"115",1487,"F1","delicata","Male","Control Cold","CL402_22",85,"20/3/2023","13/4/2023",24,"Blue",24,"C",0,"",1,24,"L",0,1,"",10,15
"116",1531,"D2","delicata","Male","Control Cold","CL414_22",85,"27/3/2023","13/4/2023",17,"Blue",24,"R",0,"",1,24,"L",1,1,"",1,24
"117",1223,"G4","delicata","Female","Control Cold","CL325_22",115,"28/3/2023","13/4/2023",16,"Blue",25,"R",1,"",1,25,"R",0,1,"",6,20
"118",1239,"E4","delicata","Female","Control Cold","CL329_22",113,"30/3/2023","13/4/2023",14,"Blue",25,"L",1,"",1,25,"L",0,1,"",8,18
"119",1255,"A1","delicata","Male","Control Cold","CL334_22",111,"31/3/2023","13/4/2023",13,"Blue",25,"C",1,"",1,25,"C",1,1,"",8,18
"120",1424,"F3","delicata","Female","Control Cold","CL383_22",97,"31/3/2023","13/4/2023",13,"Blue",25,"C",1,"",1,25,"L",1,1,"",1,25
"121",1487,"F1","delicata","Male","Control Cold","CL402_22",85,"20/3/2023","13/4/2023",24,"Blue",25,"C",0,"",1,25,"C",1,1,"",10,16
"122",1531,"D2","delicata","Male","Control Cold","CL414_22",85,"27/3/2023","13/4/2023",17,"Blue",25,"L",1,"",1,25,"L",0,1,"",1,25
"123",1223,"G4","delicata","Female","Control Cold","CL325_22",115,"28/3/2023","13/4/2023",16,"Blue",26,"L",1,"",1,26,"L",0,1,"",6,21
"124",1239,"E4","delicata","Female","Control Cold","CL329_22",113,"30/3/2023","13/4/2023",14,"Blue",26,"L",1,"",1,26,"L",0,1,"",8,19
"125",1255,"A1","delicata","Male","Control Cold","CL334_22",111,"31/3/2023","13/4/2023",13,"Blue",26,"C",1,"",1,26,"C",1,1,"",8,19
"126",1424,"F3","delicata","Female","Control Cold","CL383_22",97,"31/3/2023","13/4/2023",13,"Blue",26,"L",1,"",1,26,"C",1,1,"",1,26
"127",1487,"F1","delicata","Male","Control Cold","CL402_22",85,"20/3/2023","13/4/2023",24,"Blue",26,"C",0,"",1,26,"R",0,1,"",10,17
"128",1531,"D2","delicata","Male","Control Cold","CL414_22",85,"27/3/2023","13/4/2023",17,"Blue",26,"L",1,"",1,26,"C",0,1,"",1,26
"129",1223,"G4","delicata","Female","Control Cold","CL325_22",115,"28/3/2023","13/4/2023",16,"Blue",27,"R",0,"",1,27,"C",1,1,"",6,22
"130",1239,"E4","delicata","Female","Control Cold","CL329_22",113,"30/3/2023","13/4/2023",14,"Blue",27,"R",1,"",1,27,"R",0,1,"",8,20
"131",1255,"A1","delicata","Male","Control Cold","CL334_22",111,"31/3/2023","13/4/2023",13,"Blue",27,"L",1,"",1,27,"C",0,1,"",8,20
"132",1424,"F3","delicata","Female","Control Cold","CL383_22",97,"31/3/2023","13/4/2023",13,"Blue",27,"L",1,"",1,27,"R",0,1,"",1,27
"133",1487,"F1","delicata","Male","Control Cold","CL402_22",85,"20/3/2023","13/4/2023",24,"Blue",27,"L",1,"",1,27,"R",0,1,"",10,18
"134",1531,"D2","delicata","Male","Control Cold","CL414_22",85,"27/3/2023","13/4/2023",17,"Blue",27,"C",0,"",1,27,"L",1,1,"",1,27
"135",1223,"G4","delicata","Female","Control Cold","CL325_22",115,"28/3/2023","13/4/2023",16,"Blue",28,"C",1,"",1,28,"C",1,1,"",6,23
"136",1239,"E4","delicata","Female","Control Cold","CL329_22",113,"30/3/2023","13/4/2023",14,"Blue",28,"R",0,"",1,28,"L",1,1,"",8,21
"137",1255,"A1","delicata","Male","Control Cold","CL334_22",111,"31/3/2023","13/4/2023",13,"Blue",28,"L",0,"",1,28,"L",1,1,"",8,21
"138",1424,"F3","delicata","Female","Control Cold","CL383_22",97,"31/3/2023","13/4/2023",13,"Blue",28,"C",1,"",1,28,"L",1,1,"",1,28
"139",1487,"F1","delicata","Male","Control Cold","CL402_22",85,"20/3/2023","13/4/2023",24,"Blue",28,"L",1,"",1,28,"R",0,1,"",10,19
"140",1531,"D2","delicata","Male","Control Cold","CL414_22",85,"27/3/2023","13/4/2023",17,"Blue",28,"L",1,"",1,28,"R",1,1,"",1,28
"141",1223,"G4","delicata","Female","Control Cold","CL325_22",115,"28/3/2023","13/4/2023",16,"Blue",29,"R",0,"",1,29,"C",0,1,"",6,24
"142",1239,"E4","delicata","Female","Control Cold","CL329_22",113,"30/3/2023","13/4/2023",14,"Blue",29,"L",1,"",1,29,"C",0,1,"",8,22
"143",1255,"A1","delicata","Male","Control Cold","CL334_22",111,"31/3/2023","13/4/2023",13,"Blue",29,"L",0,"",1,29,"C",1,1,"",8,22
"144",1424,"F3","delicata","Female","Control Cold","CL383_22",97,"31/3/2023","13/4/2023",13,"Blue",29,"L",1,"",1,29,"R",0,1,"",1,29
"145",1487,"F1","delicata","Male","Control Cold","CL402_22",85,"20/3/2023","13/4/2023",24,"Blue",29,"L",0,"",1,29,"L",0,1,"",10,20
"146",1531,"D2","delicata","Male","Control Cold","CL414_22",85,"27/3/2023","13/4/2023",17,"Blue",29,"C",0,"",1,29,"L",0,1,"",1,29
"147",1223,"G4","delicata","Female","Control Cold","CL325_22",115,"28/3/2023","13/4/2023",16,"Blue",30,"L",1,"",1,30,"R",0,1,"",6,25
"148",1239,"E4","delicata","Female","Control Cold","CL329_22",113,"30/3/2023","13/4/2023",14,"Blue",30,"R",1,"",1,30,"C",1,1,"",8,23
"149",1255,"A1","delicata","Male","Control Cold","CL334_22",111,"31/3/2023","13/4/2023",13,"Blue",30,"L",0,"",1,30,"C",1,1,"",8,23
"150",1424,"F3","delicata","Female","Control Cold","CL383_22",97,"31/3/2023","13/4/2023",13,"Blue",30,"R",1,"",1,30,"R",0,1,"",1,30
"151",1487,"F1","delicata","Male","Control Cold","CL402_22",85,"20/3/2023","13/4/2023",24,"Blue",30,"R",1,"",1,30,"R",1,1,"",10,21
"152",1531,"D2","delicata","Male","Control Cold","CL414_22",85,"27/3/2023","13/4/2023",17,"Blue",30,"C",0,"",1,30,"L",1,1,"",1,30
"153",1223,"G4","delicata","Female","Control Cold","CL325_22",115,"28/3/2023","13/4/2023",16,"Blue",31,"R",1,"",1,31,"C",1,1,"",6,26
"154",1239,"E4","delicata","Female","Control Cold","CL329_22",113,"30/3/2023","13/4/2023",14,"Blue",31,"L",1,"",1,31,"L",1,1,"",8,24
"155",1255,"A1","delicata","Male","Control Cold","CL334_22",111,"31/3/2023","13/4/2023",13,"Blue",31,"R",0,"",1,31,"C",1,1,"",8,24
"156",1424,"F3","delicata","Female","Control Cold","CL383_22",97,"31/3/2023","13/4/2023",13,"Blue",31,"L",0,"",1,31,"R",0,1,"",1,31
"157",1487,"F1","delicata","Male","Control Cold","CL402_22",85,"20/3/2023","13/4/2023",24,"Blue",31,"R",1,"",1,31,"R",1,1,"",10,22
"158",1531,"D2","delicata","Male","Control Cold","CL414_22",85,"27/3/2023","13/4/2023",17,"Blue",31,"C",1,"",1,31,"L",1,1,"",1,31
"159",1223,"G4","delicata","Female","Control Cold","CL325_22",115,"28/3/2023","13/4/2023",16,"Blue",32,"R",1,"",1,32,"L",1,1,"",6,27
"160",1239,"E4","delicata","Female","Control Cold","CL329_22",113,"30/3/2023","13/4/2023",14,"Blue",32,"L",1,"",1,32,"R",NA,0,"",8,25
"161",1255,"A1","delicata","Male","Control Cold","CL334_22",111,"31/3/2023","13/4/2023",13,"Blue",32,"R",0,"",1,32,"C",1,1,"",8,25
"162",1424,"F3","delicata","Female","Control Cold","CL383_22",97,"31/3/2023","13/4/2023",13,"Blue",32,"L",1,"",1,32,"R",1,1,"",1,32
"163",1487,"F1","delicata","Male","Control Cold","CL402_22",85,"20/3/2023","13/4/2023",24,"Blue",32,"R",1,"",1,32,"R",1,1,"",10,23
"164",1531,"D2","delicata","Male","Control Cold","CL414_22",85,"27/3/2023","13/4/2023",17,"Blue",32,"L",1,"",1,32,"C",1,1,"",1,32
"165",1223,"G4","delicata","Female","Control Cold","CL325_22",115,"28/3/2023","13/4/2023",16,"Blue",33,"L",1,"",1,33,"R",0,1,"",6,28
"166",1239,"E4","delicata","Female","Control Cold","CL329_22",113,"30/3/2023","13/4/2023",14,"Blue",33,"R",1,"",1,33,"C",1,1,"",8,26
"167",1255,"A1","delicata","Male","Control Cold","CL334_22",111,"31/3/2023","13/4/2023",13,"Blue",33,"L",1,"",1,33,"L",0,1,"",8,26
"168",1424,"F3","delicata","Female","Control Cold","CL383_22",97,"31/3/2023","13/4/2023",13,"Blue",33,"L",0,"",1,33,"L",1,1,"",1,33
"169",1487,"F1","delicata","Male","Control Cold","CL402_22",85,"20/3/2023","13/4/2023",24,"Blue",33,"L",1,"",1,33,"C",1,1,"",10,24
"170",1531,"D2","delicata","Male","Control Cold","CL414_22",85,"27/3/2023","13/4/2023",17,"Blue",33,"C",1,"",1,33,"C",0,1,"",1,33
"171",1223,"G4","delicata","Female","Control Cold","CL325_22",115,"28/3/2023","13/4/2023",16,"Blue",34,"C",1,"",1,34,"R",0,1,"",6,29
"172",1239,"E4","delicata","Female","Control Cold","CL329_22",113,"30/3/2023","13/4/2023",14,"Blue",34,"C",1,"",1,34,"L",1,1,"",8,27
"173",1255,"A1","delicata","Male","Control Cold","CL334_22",111,"31/3/2023","13/4/2023",13,"Blue",34,"R",0,"",1,34,"R",1,1,"",8,27
"174",1424,"F3","delicata","Female","Control Cold","CL383_22",97,"31/3/2023","13/4/2023",13,"Blue",34,"C",1,"",1,34,"L",1,1,"",1,34
"175",1487,"F1","delicata","Male","Control Cold","CL402_22",85,"20/3/2023","13/4/2023",24,"Blue",34,"C",1,"",1,34,"C",1,1,"",10,25
"176",1531,"D2","delicata","Male","Control Cold","CL414_22",85,"27/3/2023","13/4/2023",17,"Blue",34,"C",1,"",1,34,"R",0,1,"",1,34
"177",1223,"G4","delicata","Female","Control Cold","CL325_22",115,"28/3/2023","13/4/2023",16,"Blue",35,"R",0,"",1,35,"C",1,1,"",6,30
"178",1239,"E4","delicata","Female","Control Cold","CL329_22",113,"30/3/2023","13/4/2023",14,"Blue",35,"L",1,"",1,35,"C",1,1,"",8,28
"179",1255,"A1","delicata","Male","Control Cold","CL334_22",111,"31/3/2023","13/4/2023",13,"Blue",35,"L",1,"",1,35,"L",1,1,"",8,28
"180",1424,"F3","delicata","Female","Control Cold","CL383_22",97,"31/3/2023","13/4/2023",13,"Blue",35,"L",1,"",1,35,"R",0,1,"",1,35
"181",1487,"F1","delicata","Male","Control Cold","CL402_22",85,"20/3/2023","13/4/2023",24,"Blue",35,"L",1,"",1,35,"C",1,1,"",10,26
"182",1531,"D2","delicata","Male","Control Cold","CL414_22",85,"27/3/2023","13/4/2023",17,"Blue",35,"L",1,"",1,35,"C",0,1,"",1,35
